,Churn
4933,0
6489,1
3369,0
4705,0
3332,1
6062,0
3698,0
5891,1
6075,0
2682,1
6410,0
1919,1
4093,0
3641,0
1869,0
3539,1
4918,0
2158,0
1719,0
4668,0
4637,0
6237,1
2752,1
5382,0
6033,1
2309,0
1868,0
522,0
4713,0
6133,0
6421,0
4983,1
4452,0
2817,0
1580,0
4820,0
1537,0
1184,0
6474,0
2123,0
1951,0
3646,0
4461,0
2422,0
3813,0
1849,1
2005,1
3299,0
6000,0
2458,0
76,0
4941,1
1165,0
3673,1
2845,0
3504,0
4232,1
542,0
4708,0
782,0
2771,0
1569,0
2596,0
1462,0
961,0
6212,0
5996,0
4504,0
3,0
4472,0
5226,0
4793,0
5022,0
3559,0
544,1
4425,0
1618,1
3547,0
977,0
4401,0
5228,0
5453,0
6210,0
4003,0
4223,0
3516,1
3437,0
5468,1
5595,0
2758,0
6777,0
6772,1
408,1
5641,0
1424,0
1766,0
2119,0
902,1
6127,0
5424,0
5740,0
5774,0
3736,0
6762,1
2333,0
2459,0
5456,1
1970,1
1373,0
589,0
517,0
676,0
2578,1
10,0
341,0
5413,0
5867,0
6254,0
4582,0
2429,0
1116,0
6376,0
1453,0
2041,0
4216,0
3040,1
3088,0
2619,1
2234,0
806,0
6534,0
3280,0
200,0
5407,0
652,0
3816,0
1805,0
1340,0
1935,0
3071,0
2201,0
6906,0
464,0
5904,0
6791,1
5965,0
761,1
5498,1
5547,1
1720,0
4186,0
444,0
2728,0
4610,1
1406,0
399,0
5959,0
2271,0
5700,0
748,0
198,0
3727,1
6248,0
4532,1
729,0
1832,1
5660,0
245,0
4992,0
3080,0
1825,0
1583,0
2256,0
4468,1
4015,0
3812,0
5482,1
6673,0
1859,1
4726,0
2814,0
2700,0
1660,0
5234,0
2165,0
2071,0
5425,0
602,0
4795,1
2615,0
3343,0
2132,0
4737,0
7010,1
1193,0
3474,0
1666,0
2053,1
4348,1
531,0
6187,0
3664,0
3614,0
3928,0
5110,0
4711,0
1394,0
5227,0
4522,0
4256,0
2483,1
6901,0
548,0
2341,0
1853,1
4947,1
5205,0
5674,0
986,0
5980,0
3868,1
144,0
596,0
3954,0
5968,1
2856,0
1292,0
936,0
916,0
3702,1
5317,1
454,0
2103,0
3385,1
139,1
2335,0
4965,1
1802,0
35,0
4070,0
6830,0
6365,1
6324,0
111,0
4815,1
3470,0
6625,1
3134,0
4796,0
2733,0
1452,0
6462,1
5936,0
3718,0
1632,1
3056,0
4577,0
6749,0
893,1
5235,0
1686,1
4441,0
1911,0
1328,0
172,0
3854,0
4991,1
5019,0
5853,0
647,0
5661,0
6842,0
2835,0
1164,0
5955,0
1758,0
4046,0
6742,0
549,0
1549,1
5687,0
5713,0
2402,0
15,0
5979,0
5134,1
338,0
4761,0
3487,0
1790,1
2478,0
6383,0
167,0
4825,0
6557,0
3282,0
1969,0
6253,0
4493,0
5778,0
3257,0
3007,1
420,0
6734,1
6891,0
4999,0
5177,1
700,0
3059,0
634,0
3561,1
4721,1
3271,1
2691,0
5931,1
3922,0
5773,0
337,0
3139,1
1673,1
538,0
6265,0
860,0
1757,0
2115,0
2572,0
3377,0
4589,0
4822,0
2823,0
861,0
1240,0
223,1
4451,0
3507,0
5900,1
5873,0
2094,0
1475,0
6576,0
1792,0
6518,1
4131,1
2197,0
2778,0
755,1
922,0
1224,1
5007,0
6726,1
5319,0
3994,1
6964,0
1806,0
3793,0
852,0
1574,0
2838,0
7020,0
1371,1
130,0
1412,1
4671,1
2581,0
2813,0
390,0
1888,0
4255,1
763,0
2959,0
4333,0
3422,0
1930,0
6682,0
6261,0
4937,0
4568,0
2655,1
5974,0
3178,1
3201,0
1345,0
2847,0
5538,1
6729,0
5435,0
4268,0
3871,1
5477,0
6601,0
2503,0
282,0
6500,0
5480,0
809,1
2367,1
4687,1
872,0
1435,0
138,0
4821,0
5097,0
5890,0
706,0
4042,0
5057,0
2162,0
4633,0
109,0
6239,0
6143,0
6051,0
4296,1
7001,1
5551,0
1661,0
3312,0
1415,0
6962,1
5589,1
4157,0
6556,0
4290,1
592,0
6812,0
5238,0
4777,0
5259,0
866,0
2218,0
5642,0
6558,1
4076,0
1906,0
3584,0
5517,0
1627,0
856,0
1038,0
1356,0
4235,0
219,0
4358,0
4306,0
6047,0
4728,0
3914,0
6513,0
1089,0
173,1
3284,0
1407,0
2180,0
5945,0
6698,0
480,0
1416,0
306,1
867,0
5149,0
4055,0
622,0
4434,0
5400,0
2146,0
803,0
1444,0
1570,0
1040,1
5680,1
5308,0
6175,0
992,0
6914,1
135,0
5438,1
3873,0
6407,0
2827,0
4125,0
4330,1
2714,0
4880,0
3292,0
5635,0
926,1
4161,0
4514,0
6586,0
6109,0
4876,1
3327,0
4318,0
2488,1
5681,0
3686,1
6820,0
6263,0
3977,0
5618,0
205,0
1003,0
5103,0
3615,1
7034,1
4026,0
789,0
3388,0
3971,1
2677,1
1503,0
4623,0
862,1
2100,0
870,0
3488,0
4855,0
6136,0
3990,0
292,0
871,0
2722,0
928,0
1699,0
6159,0
4176,0
3125,0
4075,0
1808,1
3190,0
1928,1
3012,0
5187,0
392,0
230,0
123,0
177,1
5668,0
3347,0
6870,0
3296,0
5862,0
6809,1
354,1
4969,0
4794,0
4428,1
3102,1
4592,0
4236,0
1913,0
1329,0
1837,1
2083,1
165,0
1889,0
5545,0
5185,0
1933,0
921,0
4195,0
6149,0
6236,0
2015,0
6681,1
6179,1
1589,0
2781,0
7040,0
6154,0
1599,0
4210,0
5262,0
5368,1
3621,1
3627,0
5578,0
5212,0
1335,1
1041,0
3887,1
3030,1
5183,1
6294,1
4133,0
2178,0
1710,0
1019,0
677,1
6412,0
286,0
5229,1
6874,0
6076,0
4487,0
5281,0
5707,0
3373,1
3574,0
5843,0
3042,1
4816,0
5245,0
24,0
1592,1
9,0
6304,1
6250,0
3194,1
2948,1
3894,0
6849,0
3023,0
5280,0
6295,0
4803,0
4104,0
1337,0
1831,0
3368,0
716,0
5296,0
3039,0
6257,1
4667,0
3262,1
2636,0
3776,0
547,0
1895,0
4956,1
3633,0
5263,0
2762,0
1770,1
485,0
2684,0
5672,0
906,0
1399,0
1613,0
3756,1
5673,0
1799,1
5150,0
268,1
5377,0
5436,0
1443,0
2664,0
1993,1
1620,0
2246,1
6160,0
2923,0
6024,1
6433,0
4137,0
540,0
3806,0
3717,0
27,1
1152,0
2436,0
5354,0
5629,1
4351,0
2583,0
2490,0
227,1
5105,1
1688,0
3049,1
3745,1
5652,0
1893,0
2006,1
5061,0
2238,0
5759,1
6714,0
6331,0
5915,0
6837,0
5224,0
4931,0
4554,0
3399,0
4239,0
5828,0
114,0
5665,0
3015,0
2153,0
3482,0
819,0
4907,0
5326,1
6738,0
160,0
247,1
6448,1
2412,1
6172,1
3339,0
6218,0
3526,1
6707,0
2142,0
3064,0
3579,0
2129,1
3223,0
1801,0
4729,0
1395,1
624,1
6186,1
6258,0
1676,0
6752,0
2222,0
5949,0
4201,0
3681,1
1985,1
3464,0
5166,0
1411,0
6424,1
4199,1
1568,0
1497,0
3036,0
4344,0
3953,1
2696,0
6767,0
3467,1
3410,1
1761,0
6246,0
5294,0
6216,0
3198,0
1678,0
5005,1
7033,0
781,0
3744,0
407,0
2353,0
2851,0
1104,0
4598,0
899,0
3210,0
1479,0
2954,1
2205,0
2267,0
979,0
4455,1
2213,0
914,0
3442,0
6104,0
6825,0
3509,0
4754,0
2268,0
823,0
5726,0
6935,0
1306,1
5367,0
6052,0
6364,0
6123,0
2466,0
2230,0
3446,0
4080,0
1594,0
3521,0
6999,1
216,0
104,1
4769,0
5111,1
3273,1
2984,0
5822,0
170,0
1102,1
3503,0
6032,1
971,0
6209,0
1141,0
3985,0
3249,0
4657,0
2107,0
1681,0
3658,0
1601,0
842,1
6096,0
5441,1
188,0
196,0
1714,0
3330,1
5823,0
6665,0
5089,0
2978,0
6429,0
254,0
2759,0
587,0
3448,1
6643,0
578,0
2761,1
3004,1
1643,0
2875,1
6472,0
1009,0
5645,0
4710,0
3283,0
3239,0
5020,0
2958,0
6801,0
3501,0
5791,0
71,0
6426,0
1085,1
1947,0
3019,1
3779,1
795,0
6138,0
2010,1
5704,0
5741,1
2633,0
3115,1
3372,0
1746,0
213,0
6132,0
6097,0
5327,0
1214,1
2484,0
4724,0
3918,1
1150,0
1909,0
2447,0
4707,0
5799,1
5557,0
5151,0
4095,0
4420,0
3942,1
442,0
6903,0
2794,0
762,1
4465,0
5295,0
6303,0
3782,0
2614,1
3463,0
3830,1
4540,0
6199,1
717,0
2741,1
17,0
3181,0
6954,0
4422,0
456,0
122,1
4399,0
2031,0
6821,1
1634,0
380,0
3540,0
2656,0
1958,0
3166,0
3046,0
304,0
4666,0
4675,1
693,1
5078,0
3028,1
4081,1
3530,0
4288,1
2718,0
5708,0
2444,1
3968,0
6853,1
4608,0
6356,0
487,0
1687,0
1380,0
6736,0
3814,0
5211,1
3380,1
3680,1
951,0
6241,1
1492,1
180,1
294,0
3730,1
2269,1
3955,0
5454,1
911,0
6936,1
2780,1
4220,0
5491,0
6621,0
5315,1
272,1
2721,1
1423,1
5015,0
6377,1
5831,1
6620,1
1600,1
1098,0
572,0
3349,1
3217,0
6644,0
1246,0
4406,0
1076,0
6553,0
1130,0
3649,0
3923,1
246,0
1230,0
6352,0
3084,0
386,1
5737,0
5338,0
3438,1
792,0
5745,0
3679,1
3998,0
2348,0
3477,0
6336,0
248,1
1449,0
4356,0
5076,1
5203,0
4700,0
4548,1
1316,0
3846,0
2522,0
3761,0
1245,0
6547,0
6471,0
6481,0
640,0
5037,1
6436,0
5305,0
1471,0
6761,0
6867,0
2182,0
5432,1
6970,1
4757,1
1001,1
2116,1
5885,0
1223,1
5279,0
6753,0
699,0
387,0
5825,1
4151,0
4140,1
4814,1
6789,1
1750,0
895,0
1002,0
3366,0
33,0
6501,0
4061,0
6201,0
1829,0
546,1
1064,0
5795,0
6056,0
2979,0
4613,1
4806,0
3011,0
363,0
5362,0
4448,1
4331,0
3430,0
2389,0
3688,0
6679,0
4229,0
5417,0
4939,0
6387,0
274,1
769,0
2281,1
6292,0
2112,0
3395,0
5958,0
4550,0
6748,1
4537,0
1730,1
3799,1
2798,1
815,0
5837,0
59,0
532,0
2227,0
1487,0
1954,1
6454,0
4583,0
6877,1
1052,0
4882,0
3338,1
1163,1
3626,0
3141,1
5075,0
5492,0
4040,0
5971,0
152,0
102,0
6905,0
2186,0
5755,0
2753,1
4225,0
2372,0
6916,0
1123,0
1672,0
4851,1
6311,0
493,0
6166,1
169,0
1366,1
2795,1
1302,0
3931,0
6552,1
2694,0
5542,0
2774,0
4297,0
5511,0
136,0
3457,0
439,0
3514,0
5505,0
2504,1
4745,0
2574,1
4670,0
38,1
4196,0
1465,0
2400,0
3862,0
3616,0
175,0
3906,1
4846,0
255,0
2844,1
7021,1
2821,1
6880,0
414,0
2276,0
5894,1
5612,0
6773,1
4016,0
5116,1
2907,1
5709,0
2800,0
2825,0
1434,1
6278,0
5609,1
5433,0
2086,1
6274,0
7023,0
6585,0
758,1
5276,0
1313,1
6627,0
5982,0
2017,0
1551,0
6385,1
4551,0
2244,1
2059,0
645,1
3060,0
6746,1
5879,0
2955,1
3700,1
641,1
6845,0
1081,0
6083,0
2651,1
6111,0
3494,1
6642,0
3128,0
2885,0
3851,0
4618,0
2580,0
5834,0
3741,0
113,1
4473,0
4566,0
5310,0
5864,0
2904,1
3316,0
4378,0
633,0
5447,0
1914,0
3605,0
3843,1
2425,0
276,1
939,0
4911,0
3629,0
1532,0
6214,0
4899,1
1980,0
478,1
3606,0
1317,0
6638,0
2666,0
5398,0
3441,0
3425,0
5914,0
6112,0
5878,0
3104,0
1768,0
672,1
5781,0
6026,0
6232,1
2127,1
4056,1
1334,1
4883,1
6648,0
5493,1
158,0
2334,0
1491,0
1531,0
305,0
3346,0
4412,0
446,1
2004,1
2635,0
5028,0
4617,0
3656,0
3179,0
4841,0
6420,0
1711,0
163,0
5102,0
6802,0
3068,0
605,0
2410,0
2128,0
811,1
6017,0
5044,0
3648,0
6069,0
1176,1
3908,0
5719,0
3581,0
4025,1
1779,0
5671,0
4469,0
2468,1
6995,0
4739,0
3409,0
638,1
2200,0
4192,0
6357,1
6831,1
1045,0
6370,1
2313,0
2831,1
2294,1
3363,0
6695,0
2697,0
3652,1
1765,0
3669,0
560,0
2092,0
3500,0
6293,0
7025,0
4305,0
1450,0
5770,0
6369,0
3224,1
2638,1
1187,0
659,0
1326,0
4717,0
4759,1
3266,0
3132,0
4129,0
2084,1
2208,1
4407,0
3888,1
863,1
6680,1
1382,0
6395,1
3524,1
4185,0
2657,0
2432,0
6359,0
5422,0
1948,1
6631,0
4002,0
3820,0
1952,0
80,1
3175,1
2220,0
4607,0
6408,1
1278,0
3671,1
6847,0
4990,0
2624,0
2510,1
4616,0
3927,1
437,0
4587,0
4319,0
5272,1
621,0
2029,1
3311,0
6325,1
6313,1
3805,1
4463,1
2198,0
3757,0
5390,1
5099,1
5527,0
6937,0
6827,0
6004,0
3072,0
1072,0
4037,0
4978,1
3297,0
3010,0
4877,0
2278,0
5856,0
695,0
2782,0
4028,0
6068,1
5349,0
1010,0
4264,0
3199,0
3169,0
5213,0
259,0
2650,0
39,1
4600,0
1963,0
5312,1
4218,0
6153,0
777,1
2705,0
2608,1
1144,1
4840,0
5467,0
5787,1
1421,1
6862,1
5460,0
2439,0
2054,1
1266,0
3537,0
6888,0
166,1
6499,0
3336,0
2225,0
1567,0
6238,0
4957,0
3970,0
4272,1
6090,0
1721,1
3795,0
6528,0
3904,0
2305,0
4770,0
1258,0
6191,0
4651,1
6419,0
4345,0
858,0
1872,0
4782,0
2934,0
6574,0
5268,0
3732,0
3759,1
3063,0
6532,0
3468,0
1671,0
3620,0
1314,1
6059,0
5479,0
2861,1
1140,0
3357,1
3215,0
1222,0
6615,0
4885,0
2671,0
610,1
1248,1
779,1
2610,1
116,0
5155,0
2973,1
2120,0
5048,0
5486,0
5772,0
5631,0
6461,0
1702,1
6506,1
4363,0
556,0
4116,0
6953,1
2259,0
1515,0
3991,1
2921,1
4222,0
7013,0
630,1
1180,0
5418,0
1012,0
2502,0
5171,0
2864,0
2275,1
5780,0
3711,0
6182,0
6550,1
5241,0
6430,0
384,0
2481,0
6760,1
5193,0
3240,1
1069,0
5989,1
3098,1
2366,1
3695,0
4906,0
6861,1
2057,1
5789,0
3432,0
5344,0
1576,0
1582,0
3575,0
6927,0
636,0
231,0
6181,0
6609,1
3720,0
6794,0
6841,0
4279,0
3956,1
4433,0
2377,0
2360,0
4919,0
5133,1
5127,1
2905,0
3689,1
303,0
6389,0
81,0
1170,0
2296,0
5409,1
2974,1
6101,0
2237,0
627,0
1514,0
2143,0
5604,0
4516,0
1158,0
1857,0
6545,1
887,0
1685,0
285,0
1031,0
3091,0
6712,0
6064,1
6102,0
2122,0
204,0
6685,0
3609,0
5265,0
5042,0
629,1
4074,1
398,0
1477,1
5366,0
6318,0
2293,0
5963,0
5727,0
1106,0
3913,0
6967,1
1336,0
5999,0
5397,1
5086,1
6130,0
6073,0
4542,0
1056,1
1405,1
623,0
1206,0
2870,0
236,0
358,1
1440,0
5897,0
5865,0
40,0
112,0
1775,0
3075,0
503,0
5977,0
5983,0
3766,1
1259,1
3864,1
6176,1
6977,0
150,0
3578,0
5973,0
1804,0
1079,0
5260,0
3996,0
5877,1
5585,1
4733,0
5892,0
3421,0
3344,1
5564,0
5922,0
222,0
314,1
740,0
736,0
1013,0
3466,0
1272,0
3910,1
954,0
5182,0
6660,1
767,0
3808,0
6362,0
2477,0
3983,1
3065,0
1535,0
924,0
617,0
5215,1
1432,0
6592,0
985,1
2587,0
321,0
5197,0
3564,0
4751,1
4970,0
103,0
6971,1
4334,0
2964,0
1890,1
5375,1
77,0
689,0
3831,1
457,0
3550,1
3714,0
1946,0
6866,1
932,0
3558,0
4204,0
5841,1
3565,1
3009,0
5998,0
6284,0
6427,0
3106,0
2239,0
6477,0
2500,0
3628,0
1367,0
4156,0
947,0
3318,1
6041,0
6667,1
1417,0
370,0
5568,0
1256,0
978,1
3454,0
4416,0
2566,0
4848,1
3146,1
6451,0
2540,0
5168,1
5372,0
4652,0
4197,0
5196,0
5883,0
5373,0
4282,0
2365,0
4194,0
6031,0
3103,1
4359,0
5169,0
4364,0
2963,0
881,0
389,0
3449,0
1398,0
3192,0
74,0
3742,0
6049,0
6405,0
3189,0
4023,0
4960,1
3364,1
1149,1
649,0
5851,0
5748,0
1298,0
5357,0
1361,1
885,0
840,1
2737,0
953,0
1155,0
2953,1
3176,0
3945,1
5314,0
215,0
2101,1
2187,0
2007,1
4460,0
3560,0
3037,0
1431,0
3995,1
3902,0
3587,1
4685,0
203,0
6063,0
5106,0
211,0
3029,1
2806,0
6189,0
735,0
4159,0
2539,0
93,0
5414,1
3341,0
5907,0
404,0
6098,0
4058,1
2144,0
5256,1
4103,0
5139,0
5496,0
4177,0
3375,0
1508,0
3168,0
2292,0
6124,0
1397,0
2544,0
5903,0
1385,0
1525,0
2659,0
5218,0
4485,0
1616,0
3370,0
3961,0
1433,0
6416,0
5484,0
697,1
1526,0
4834,0
3637,1
184,1
4379,0
1769,0
4692,0
5845,1
371,1
6865,0
5371,1
1470,0
5194,1
4934,0
2273,0
1111,1
6121,0
3857,0
523,1
559,0
6757,1
4588,0
1713,0
5603,1
65,0
6014,0
5023,1
1252,0
3835,0
3623,0
4387,0
1374,0
3499,1
1803,0
4400,0
429,0
940,0
6898,0
1183,0
4362,0
1197,0
5343,0
2869,1
5678,1
83,0
1682,0
3777,0
6450,0
6823,0
5751,0
3974,0
838,0
6380,0
266,0
5839,0
6361,0
5572,0
1307,0
6290,1
5570,0
6289,1
1667,0
1000,1
4631,1
4139,0
6756,0
4280,0
6725,0
3155,0
4771,1
4648,0
5121,0
4449,0
5882,0
3127,1
4817,0
2744,0
3393,0
6312,1
3724,0
3893,0
3767,0
1647,1
5970,0
6636,0
5074,0
1378,0
3630,1
4741,0
3270,0
2421,0
4206,0
2987,0
5471,0
4863,0
4381,1
3690,1
2405,1
1320,0
23,0
3361,0
6337,0
5342,1
3677,0
5580,0
4243,0
2811,0
4881,0
3455,1
3067,1
2658,0
3045,0
1455,0
1715,0
3972,0
2331,0
3016,1
3469,0
4289,0
606,0
511,0
6892,0
5411,1
1615,0
1670,1
6555,0
4146,1
5762,0
4788,0
6826,0
3989,0
2082,0
738,0
3342,0
1523,0
6093,0
5335,0
4916,0
278,0
3562,1
2376,0
3495,1
1037,0
187,0
4173,0
688,0
5273,0
6200,0
6715,0
2210,0
4601,0
6079,0
3362,1
3804,0
6774,0
2770,1
2602,0
6226,0
5560,0
5055,0
3090,1
6554,1
3267,0
5908,1
6944,0
2754,0
1390,0
5426,0
5984,1
4,1
6568,0
5502,1
813,0
416,0
5619,0
4864,0
1597,0
5815,1
357,0
1529,0
5942,1
3170,0
155,0
2914,0
2576,0
3228,0
2212,0
6917,0
4993,0
1846,0
5946,1
3315,0
3850,0
5728,1
670,0
2025,0
5391,0
3335,0
1764,0
2274,1
4106,1
4596,0
377,1
6417,1
6470,0
1887,1
744,0
32,0
2388,0
4113,0
6918,1
1988,1
206,0
6750,0
5675,0
2790,1
3890,1
6396,0
3193,0
938,0
1662,1
6672,0
2394,0
3360,1
6848,0
1559,0
4478,0
784,0
801,1
5021,0
5024,0
3353,0
536,0
1791,0
6856,0
5742,0
1093,0
4975,0
5200,0
2505,0
3510,0
1880,1
773,1
142,0
5911,0
1778,0
3905,1
6818,0
4954,1
4917,0
4317,0
4987,0
5869,0
284,1
3221,0
5613,0
6151,1
2300,1
5179,1
1413,0
1539,0
2579,0
1247,0
4897,0
3817,0
6025,0
4191,0
3937,0
2021,0
6516,1
4501,0
5395,1
6613,0
4291,0
3207,0
3458,1
5100,1
1838,0
5233,1
2915,0
3701,0
4336,0
1701,1
5960,0
5734,0
5122,0
6411,0
6301,0
2224,1
436,0
1724,0
1239,0
3025,0
5807,0
1232,1
6581,0
5876,1
2757,0
3957,0
3475,0
848,0
3423,1
3529,0
345,0
1036,0
3643,0
2776,1
3749,1
3183,1
2441,0
892,0
1244,1
3182,0
3625,0
6902,0
2854,0
1118,0
5923,0
5068,0
833,0
6606,1
4706,1
5434,0
6668,0
5405,0
6280,0
1201,0
3535,0
4718,0
6730,0
1962,0
3665,0
5990,0
4117,0
4924,1
5457,0
1055,0
1043,1
4167,0
6190,1
5208,0
5766,0
6326,0
3538,0
5430,1
5451,0
3140,0
2417,0
1602,1
4779,0
3632,0
4453,1
5069,1
6957,0
2014,0
3445,0
574,0
2424,1
2473,0
347,0
4766,0
2969,0
6276,0
6266,1
5913,0
6784,0
4488,1
5331,0
5555,0
4784,0
2026,0
289,1
1084,0
199,0
2061,1
3522,0
2898,0
6180,0
2172,0
2454,0
2933,0
4092,0
1396,1
4089,1
2323,1
1554,0
5722,1
3460,0
1922,0
5768,0
2039,1
4686,0
2945,0
6125,1
4005,1
3151,0
616,0
4369,1
1945,0
1915,0
1976,1
2531,0
5011,0
6358,0
5119,0
6525,0
5574,0
4950,1
2245,0
3608,1
2108,0
1905,0
3980,1
4895,0
6119,0
3800,0
6583,0
5374,1
7031,0
5798,1
1656,0
4396,1
2150,0
5656,0
5662,1
3143,0
2104,1
2154,0
1810,0
3965,0
5615,1
1480,0
3237,0
2542,0
4203,0
2074,1
3144,0
3827,0
433,1
319,0
2506,0
6979,0
5622,1
66,0
2445,0
2668,1
5969,0
1154,0
4347,0
3089,0
3232,0
2553,0
4165,0
2589,1
4250,0
4510,0
2290,1
4010,0
2064,0
4529,0
349,0
3041,0
5113,0
603,0
4394,0
5264,0
527,0
5533,0
3699,0
364,0
4094,0
6835,0
19,0
4454,0
6688,0
1912,0
516,0
3153,0
1460,1
4635,0
4682,1
3582,0
2804,1
6234,0
4518,1
6755,0
2177,0
4593,0
3925,0
2078,0
5000,0
1875,0
3809,0
2852,0
1467,0
2611,1
6194,0
1295,0
5633,0
2415,1
1777,0
6719,0
1115,0
5812,1
982,0
2266,0
4332,0
5337,0
1534,0
30,0
4612,0
4730,0
4857,0
6465,0
4284,0
3570,0
4563,1
75,0
5080,0
295,0
2812,1
4172,0
3566,0
5137,0
5108,0
6928,0
192,0
2866,0
2169,0
2450,0
568,1
4128,1
4205,0
6135,0
5816,0
4996,0
3306,0
6785,1
6177,1
405,0
6911,0
4155,0
5178,0
6993,1
585,1
5336,0
7019,0
5819,0
2604,0
2435,0
2590,0
298,0
4214,1
2231,1
4174,1
2622,0
2291,1
6006,0
2620,0
4253,0
3590,0
342,0
3384,1
2707,1
742,1
2250,0
660,1
4497,0
5747,0
6807,0
4938,1
6323,0
4474,0
2692,0
1145,0
5060,0
3301,1
1022,0
6355,0
6491,1
927,1
5844,0
87,0
4584,0
2206,1
3302,1
3947,0
1463,1
3109,0
5857,1
186,0
3748,0
5765,1
2148,0
5034,0
691,0
3461,0
5757,0
3697,0
6466,0
4111,0
48,0
5144,0
3811,0
1404,0
988,0
353,1
891,1
855,1
4556,1
5461,0
4595,0
4321,0
3248,1
4646,0
765,0
3668,0
4231,0
6879,0
5490,0
2693,0
3596,1
562,0
6264,0
3351,1
5437,1
1171,1
3610,1
2460,0
4430,0
4521,0
6566,0
3666,1
4818,0
2593,0
6511,0
1202,1
3295,0
1979,0
1271,0
2706,1
6775,0
1892,0
5901,1
555,0
2157,0
1614,0
4138,1
5523,0
5223,0
1451,0
5720,0
4393,1
4732,0
5046,0
2837,1
4702,0
6381,0
6686,0
618,0
2091,0
709,0
1293,0
4513,1
1605,0
6832,0
3552,0
4494,0
4500,0
2607,1
2446,1
2255,0
3006,1
4953,0
229,0
6402,0
3308,0
2179,0
2085,1
459,0
6572,0
3044,1
4039,0
3157,1
6996,1
194,0
2820,0
1927,1
4077,0
668,1
2786,0
2440,0
2746,0
2690,1
1916,1
5495,1
5531,0
4968,0
521,0
2687,0
2175,1
1540,0
2796,0
297,0
1901,0
4105,0
14,0
3934,0
580,1
612,0
6798,0
264,0
4638,1
2416,0
1753,0
2443,0
5657,0
4135,0
5643,1
4108,0
6670,0
1760,0
4783,0
3022,0
5363,0
2533,0
3655,0
6146,1
5679,1
4314,1
6485,0
6537,1
5801,0
5800,0
4578,0
2947,0
5355,0
4850,0
5688,0
6535,1
5712,0
4644,0
4763,0
543,1
3233,0
6662,0
6602,0
5881,0
3459,0
3300,0
6611,0
22,1
6697,0
6360,1
3236,0
2513,0
1923,0
5369,0
3708,0
510,0
403,0
5567,0
3897,0
4573,0
4060,0
3186,0
4298,0
2530,0
2641,0
7036,0
1847,0
2068,0
2896,0
2971,0
6013,0
3405,0
5508,0
5620,0
495,1
2329,0
6575,0
2862,1
6497,0
2843,0
5445,0
1186,0
5805,0
787,0
3314,0
6054,1
3191,0
2625,0
2917,0
2338,0
4570,0
5919,0
5393,1
4041,0
5399,0
4164,0
5153,0
2419,0
3949,0
741,0
2863,0
5685,0
277,0
4752,0
6822,1
3958,1
3710,0
3595,1
4660,1
2878,0
3855,0
2049,0
1420,0
6671,0
2975,0
2096,1
6538,1
5293,0
1005,0
6858,1
7022,0
78,0
4981,1
1327,1
3525,1
6938,0
2810,0
6810,1
2723,0
4891,0
6589,0
2951,0
4974,1
1584,0
2720,1
4418,1
2601,0
3129,0
1677,0
2399,0
1387,0
558,0
4922,0
202,0
1734,1
5664,1
3367,0
3591,1
5522,1
2605,0
6605,1
1472,1
5600,1
479,1
3250,0
3000,1
4006,0
4663,1
2748,1
4997,1
3844,1
332,0
4909,0
1312,0
586,0
2766,0
5497,1
2916,0
3005,0
6002,1
4949,1
6224,0
1490,0
4405,1
6931,0
2648,0
3003,1
6523,0
6314,0
6439,0
2362,0
4942,1
482,0
171,1
2451,1
4720,0
3087,1
190,0
2299,0
1134,0
6598,0
5569,1
2088,0
915,1
1324,1
2121,0
1172,0
4715,0
3478,0
1208,1
1705,0
4233,0
970,1
4531,1
4684,1
1112,0
6929,0
4446,1
1744,0
6170,0
5288,1
6030,1
2740,1
5081,0
6164,0
5032,0
6691,0
6287,1
2226,0
1786,1
6367,0
3715,0
6811,1
5289,0
1073,1
2195,0
2214,1
4261,0
3252,0
4043,0
6310,0
4207,0
2216,0
226,0
2841,0
1812,0
2626,0
4923,0
224,0
6509,1
6158,0
2567,1
1886,0
4184,1
385,1
6259,0
1077,1
472,0
2340,0
3635,0
4208,0
4248,0
4902,0
3943,0
4719,1
2135,0
6174,1
1095,0
1882,0
1014,1
6113,0
1931,0
6958,0
36,1
6428,1
4935,0
5628,1
131,1
5743,0
2089,0
6297,0
6001,0
6128,0
4520,1
4764,1
1500,0
5512,0
6152,1
6852,0
6346,1
6480,0
4285,0
2709,0
6270,0
1708,1
2401,0
2536,1
3740,0
2060,0
2308,0
4808,0
3739,0
6193,0
11,0
3142,1
1836,1
6992,0
5991,1
3713,1
2889,0
4681,1
4544,1
6708,1
1346,1
6169,1
5050,1
4168,0
5941,0
1716,0
5302,0
4160,0
3033,0
2055,0
995,1
4398,0
6147,0
5608,0
5930,0
1325,1
1476,0
760,0
4325,0
1425,0
6445,0
5761,0
5381,1
5739,0
3505,0
1228,0
4852,0
1966,0
89,0
3722,0
2688,1
1159,1
1053,1
2946,0
6624,0
5383,1
3021,0
4008,0
378,0
5420,0
4672,0
4114,0
2040,0
2600,0
4249,0
1871,0
3426,1
4150,0
969,1
2428,1
804,1
3333,0
5884,1
1527,0
3058,1
1543,1
2306,0
3553,0
5501,0
2151,0
3513,0
2075,0
3082,0
3356,1
929,0
2586,0
550,0
3408,1
5313,0
3883,0
3428,1
1560,0
2321,0
161,1
4699,0
6183,0
923,0
4490,0
5462,0
4760,0
2063,0
368,0
5038,0
1813,0
2249,0
1990,1
2254,0
462,1
980,0
473,0
5802,0
4884,0
2368,0
4903,1
2020,0
5804,0
4984,0
2643,1
1409,0
310,0
4564,1
4867,0
5624,0
6038,1
4019,1
3319,1
5782,1
594,0
5749,0
3429,0
4835,0
2320,0
770,0
3892,0
2282,1
3138,1
4748,0
604,0
4594,1
6327,0
1650,1
455,0
2582,0
3826,0
3802,0
5161,0
2324,1
6463,0
7038,0
1199,0
4658,0
3242,0
5267,0
793,0
3436,0
4315,1
4624,1
2858,0
2385,0
3392,0
5396,0
1061,0
2563,1
3265,1
4869,0
4388,0
4397,0
1418,0
1488,0
3640,1
502,0
212,0
6010,0
4569,1
5324,0
1473,1
5902,0
447,0
6400,0
5464,0
2374,0
834,1
1023,0
4007,0
571,0
576,0
3272,1
2855,0
6161,0
1896,0
650,1
4083,1
1737,0
3916,0
3100,0
8,1
2534,0
1047,0
5174,1
153,0
367,0
43,0
2935,0
5621,1
6230,0
3398,0
2547,0
2980,0
4622,0
2745,1
2382,0
4844,0
6765,0
1389,1
4526,0
7029,0
6997,0
1355,0
2325,0
3576,0
1528,0
6291,0
1261,0
827,0
6763,0
3823,0
683,0
5506,0
2535,0
6252,0
217,0
13,1
1135,0
6890,0
1519,1
5655,0
786,0
2297,1
737,0
2826,0
6368,1
5162,0
1323,0
6442,0
3520,0
964,1
346,1
124,0
86,0
460,0
886,0
3571,0
958,0
323,0
58,0
2045,0
5188,0
6932,0
4750,0
4443,0
1861,1
6034,0
4591,0
5813,0
4337,0
506,0
6475,0
6425,0
3290,0
179,0
4470,0
525,0
3107,0
1280,0
5598,0
6864,1
4636,0
3456,0
1086,1
6269,0
6378,1
309,0
6541,0
411,0
1692,0
6899,1
5711,1
4033,0
1238,1
374,0
4390,0
3172,1
1657,0
1904,1
2613,1
3133,0
6046,0
6320,0
5202,0
3451,0
4211,1
972,0
4823,1
5548,0
6496,1
4391,0
2449,0
5887,0
1139,0
2330,0
5925,0
3073,0
69,0
4930,0
5763,0
4481,0
512,1
1365,1
692,0
1166,0
1641,0
6341,1
2772,0
2660,0
396,0
5275,1
712,0
5489,0
4562,0
3651,0
5577,0
5449,0
6,0
5575,0
812,0
3891,0
5359,1
4952,0
727,0
271,0
5846,0
4649,0
3737,1
3901,0
4464,1
3875,1
4927,0
6339,1
1070,1
5830,0
4704,0
2839,0
3964,0
6319,0
4423,0
1827,0
3205,0
1376,1
5002,0
2155,1
6185,0
4044,0
5258,1
628,0
878,0
4403,0
2287,1
4327,0
1468,0
6737,0
1998,1
4442,1
1087,0
4181,0
350,0
6623,1
4281,0
4375,0
5291,0
4307,1
4545,0
2981,0
6345,0
5591,1
5365,0
2890,1
6066,1
2336,1
302,0
3515,0
3303,1
817,0
182,1
1270,0
1797,0
16,0
4071,0
4629,0
4634,0
145,0
5321,0
619,0
797,0
5452,0
484,1
5500,0
5012,0
2392,0
3435,0
5247,1
2551,0
5847,0
5808,0
2881,0
2228,0
2966,0
2736,0
3841,1
4579,0
1957,0
2024,0
3382,0
732,0
1924,0
4645,1
600,0
3379,0
3211,0
2253,0
6968,1
2349,0
1403,0
4110,0
974,0
5283,0
6787,0
279,0
3924,1
157,0
5895,0
3203,0
3988,0
6952,1
2277,1
1094,0
417,0
6145,0
5623,0
6245,0
6786,1
4087,0
5646,1
1499,0
2995,0
2430,0
2209,0
3653,0
4482,1
1445,0
1429,0
4926,0
118,0
4677,1
5529,0
2191,1
702,0
2011,0
7037,0
3872,0
935,0
1817,0
2527,1
4819,1
1726,0
6608,1
1494,1
5596,0
2515,0
1860,0
4932,0
4417,1
500,0
6956,0
4538,1
107,0
1978,0
6973,0
1447,1
889,1
6926,1
6247,0
6669,0
3243,0
2516,1
904,0
4609,0
3328,0
4755,0
994,0
3244,0
4152,0
5056,0
261,1
6415,0
6202,1
749,0
4552,0
1299,1
2577,1
3173,0
1136,0
3062,0
2675,0
3746,1
6683,0
3124,0
1458,1
2559,0
6205,1
3973,0
2393,1
53,1
6666,0
3492,0
497,0
2486,0
2712,0
6569,0
3472,0
1311,0
3950,1
4068,0
1182,0
1577,1
4320,0
6747,0
3523,0
3860,0
818,1
6476,0
486,0
6211,1
1103,0
5849,0
2138,0
6706,0
100,0
3597,0
1693,0
1645,1
1034,0
330,0
5840,0
3171,0
5216,1
5093,0
37,0
3163,0
794,0
1608,0
6231,1
3483,0
3117,0
6998,0
4419,0
2930,0
3325,1
4144,0
3747,0
4535,1
2716,0
4365,0
3269,0
3784,1
5458,1
1874,0
5120,1
4242,0
3774,0
3936,0
5906,1
6208,0
5423,1
6504,1
2496,0
4925,0
1830,0
582,1
4498,0
4293,1
67,0
3612,0
6779,0
3895,0
4221,0
3376,0
4252,0
4154,1
4581,0
2943,0
5249,0
1027,0
4260,0
4376,0
3195,0
1066,0
1679,0
2649,0
4557,0
6924,1
1237,0
950,1
4533,0
6273,1
879,0
2822,1
141,1
913,0
5866,0
4171,1
2364,0
6456,0
5475,1
4574,0
5345,1
3027,0
5995,0
5647,0
3981,0
7042,0
5170,0
1763,0
5063,1
1381,0
5001,1
4525,0
2166,0
5040,0
6092,0
1021,0
2211,0
3604,0
6720,0
1318,0
6910,0
5716,0
1099,0
1521,0
5195,0
2689,0
5718,1
6233,0
3592,1
6168,1
6930,1
1841,0
6070,0
3057,0
726,0
5625,0
1639,1
4998,0
6167,0
864,1
3419,0
1698,0
4943,0
128,0
3506,0
3431,1
6599,1
2681,0
1644,1
4032,0
3167,0
6567,0
6328,0
541,0
4528,0
3807,1
3691,0
5237,0
6983,0
2170,0
4966,0
6015,0
5403,0
168,1
6628,0
1505,1
1941,0
6677,0
2070,1
6505,0
4519,0
1722,0
3397,0
946,0
2730,0
1591,0
868,1
6195,1
6582,0
6907,1
1717,0
6897,0
5255,0
5937,1
470,0
2760,0
1386,0
5003,1
2560,1
6050,0
723,1
4530,0
2497,0
474,1
6240,1
1785,0
2301,0
4655,0
6453,1
5415,0
3858,0
5428,1
3734,0
575,0
2199,0
5082,0
328,0
2339,1
1088,1
1502,0
1622,0
1942,0
3933,0
3512,0
191,1
3696,1
325,0
4415,0
5378,0
2663,0
2465,1
3326,1
2485,1
6533,0
1625,1
3196,0
2594,0
2261,0
2139,0
1343,0
4404,0
5744,0
843,0
2982,0
5062,1
4843,0
3573,0
3829,1
6871,0
3674,1
498,1
3497,0
4020,0
6908,1
6817,0
299,1
1943,0
6716,1
4213,1
2568,0
2328,0
5184,0
4193,0
6351,1
233,0
362,0
6487,0
5826,1
3389,0
2461,0
1347,0
4694,0
2145,0
5018,0
962,0
4778,0
4742,0
849,0
3703,0
5581,1
1484,0
5254,0
1257,0
395,0
4621,0
4411,0
4734,1
5087,0
5160,0
3180,0
3188,1
3837,1
4878,0
1457,0
441,0
1649,0
2147,0
4847,1
4804,0
5173,0
5225,0
443,0
662,0
2732,0
1108,0
2351,0
2711,1
3733,0
4012,1
1556,1
6531,0
4084,1
768,0
4462,1
2027,0
3554,0
3118,0
6694,0
6418,0
4678,1
4886,0
5520,0
3878,0
1362,1
6536,0
1631,1
654,1
1360,1
5045,0
5790,0
4599,0
3839,0
6503,0
918,0
5088,0
3675,0
4219,0
6512,0
3304,0
5459,0
3255,0
4502,1
2750,0
2050,0
1474,0
3359,0
2554,0
835,0
2588,0
1200,0
1851,1
1461,0
2141,0
776,0
4027,1
2265,1
4245,0
4354,0
6966,0
6156,0
3258,0
4274,0
2632,0
4099,0
3381,0
6353,0
4098,1
4749,1
836,0
2438,1
6022,0
1604,0
6094,0
2411,0
5731,0
6118,0
933,1
6984,0
669,0
6616,1
944,0
5307,0
3544,1
2645,0
4251,0
3588,0
6279,0
6299,0
5956,1
6440,0
5677,0
2575,0
1732,0
5027,1
4964,1
2076,0
320,1
4073,1
1828,0
5521,0
5811,0
5682,0
5525,0
3294,1
2260,1
5181,0
1282,0
3247,0
2818,1
1516,0
4838,0
1598,0
1987,1
1506,0
1683,0
2423,0
3712,0
1898,1
4466,1
4505,0
4630,0
1739,1
2080,0
681,0
2949,0
4849,0
3136,1
6946,0
1107,0
5165,1
3452,0
655,0
2379,1
4065,1
4383,0
5957,1
6745,1
3160,0
1422,0
5513,0
5109,0
955,1
1564,1
1756,0
2406,1
4309,0
6082,1
1652,0
5472,0
2880,0
925,0
6649,0
2395,0
6793,0
4664,1
4811,1
2961,0
2232,0
3568,0
1664,1
5129,0
415,0
1344,0
3245,1
339,1
6035,1
5535,0
5929,0
2482,0
2298,0
847,0
1798,0
3156,0
6800,1
5429,0
615,0
3355,0
656,0
3915,0
6091,1
6005,0
2743,0
3611,0
5597,1
6923,0
4287,1
1973,0
7028,0
3008,0
3728,0
5606,0
2044,0
3907,0
2788,0
1101,0
3231,0
2043,0
590,0
6991,1
4241,1
2332,0
6540,0
1493,0
3853,0
5146,0
2048,1
45,0
1565,0
4517,1
2902,0
4580,0
3086,0
47,1
6689,0
3313,0
1572,1
6392,0
3660,0
1774,0
1856,1
3434,0
5518,1
3583,0
400,0
5954,0
4367,0
1996,0
140,0
905,1
4801,0
566,0
4945,0
4908,1
4731,0
611,1
778,0
6713,0
1466,0
5715,1
4626,0
5201,0
117,1
1264,0
581,1
1588,0
2698,0
3987,1
3706,0
6548,0
3896,0
3208,0
5514,0
4101,0
4427,0
2280,0
524,1
1781,0
4299,0
421,0
317,1
1704,1
1642,0
2408,0
424,0
6840,0
2160,0
941,0
733,0
4905,0
5009,0
6493,0
6815,0
329,0
6610,0
1011,0
2908,1
6008,0
6645,0
6444,1
1109,0
6696,0
4900,1
5756,0
68,0
4590,0
664,0
565,0
4512,0
1696,1
4879,0
1501,0
6298,0
6948,0
6933,1
3279,0
764,0
5784,0
1442,0
7030,0
4078,1
4492,0
3152,0
6658,1
6229,0
5329,1
1332,0
5616,0
1548,0
4188,1
5485,0
2773,0
6597,1
6460,1
6875,0
4352,0
2467,0
3662,1
4091,0
4100,0
5325,0
4499,1
1867,1
667,0
6885,1
3079,1
6591,1
121,0
6600,1
2925,0
1364,0
711,0
2427,1
4450,1
2163,1
1414,0
965,1
2521,1
6526,1
3034,1
757,0
1290,0
3298,0
1274,0
5257,1
5630,1
2369,0
4781,0
5526,0
6131,1
1190,0
3094,0
1767,0
1659,0
6824,1
3251,1
5972,1
183,0
990,0
6316,0
2407,1
6741,1
3114,0
785,1
6632,1
70,0
1727,0
5401,0
1735,0
5198,1
4343,1
2928,0
6495,1
4961,0
608,0
2203,0
4069,0
425,0
508,1
5693,0
1198,0
588,0
3783,0
6580,0
900,0
3259,0
6394,0
4989,0
1545,0
6650,0
4746,1
4807,0
3751,0
1910,0
3738,0
6388,1
1209,0
5231,1
6925,0
2548,0
4785,1
3594,0
2508,0
2184,1
4853,0
5376,0
6458,0
3323,0
3798,0
3935,0
7018,1
2679,1
6340,0
5964,0
3074,0
6876,0
6437,0
2549,0
3865,0
1227,0
1205,1
751,0
1174,0
2977,0
2627,0
3148,0
909,0
234,0
334,1
6095,0
3289,0
2343,0
4641,0
1690,0
948,1
2809,0
3260,1
705,1
4627,0
6942,0
2270,1
5191,0
1262,0
1456,1
6432,0
1400,0
4988,0
1284,0
326,0
6110,0
4861,0
1181,1
2219,0
5334,1
4257,0
1126,1
6934,0
2373,0
1125,1
3017,0
2283,1
6106,1
3043,1
1167,0
2164,0
6782,0
6978,0
6939,0
458,0
805,0
5358,0
983,1
579,0
5721,0
3856,0
6704,0
3020,0
3790,1
4701,0
6614,0
5175,0
3772,1
2967,0
620,0
0,0
1511,0
3659,0
2019,1
28,0
1789,0
3602,0
4292,1
591,0
2646,0
2093,0
2612,0
6140,0
5419,0
3919,1
2763,0
209,0
5684,1
2134,0
3819,0
3473,1
756,0
2785,0
4054,0
6196,0
3164,0
2099,0
5939,0
2792,0
4910,1
1008,1
3536,0
3663,0
489,1
1925,0
4050,0
6727,0
1305,0
4368,1
1459,0
4767,0
850,0
5503,0
4605,0
6920,0
5836,0
1249,1
2202,1
5594,0
1283,0
2717,0
807,0
2924,1
5285,0
2595,0
2319,0
5732,0
5528,0
2185,1
2846,0
2355,0
3099,0
6457,0
2652,0
1949,0
366,0
4727,0
5874,1
1566,0
6778,0
2370,0
1619,0
6081,0
3528,1
1439,1
5287,0
3126,0
1816,0
6571,0
679,0
1428,1
2492,1
3309,0
3200,1
1863,0
4904,0
2113,0
3213,0
653,0
2386,0
1175,0
2708,1
3969,0
5571,0
857,1
3054,0
5817,1
4263,0
5450,1
3227,0
5466,0
6881,0
4946,1
1179,0
1596,0
6678,0
6333,1
1609,0
5029,0
6184,0
4283,0
1748,0
4447,0
4805,0
4893,1
2193,0
1221,0
3238,0
2913,0
2893,1
6596,0
3531,0
5752,0
6508,1
5253,0
6137,1
1961,0
5670,1
4435,0
2653,0
1035,0
1071,1
1090,0
4310,0
2670,0
6988,0
2046,0
1419,0
774,1
3145,1
256,0
4948,0
3755,1
467,0
6223,1
1110,0
5573,1
877,0
6235,1
3743,1
639,1
1751,1
1039,1
6637,0
6494,0
149,0
2599,0
4995,1
5125,1
2455,1
2023,1
5309,0
3792,1
4831,0
1626,0
4018,0
2710,0
281,0
2233,0
5833,0
4659,0
7026,1
3548,0
3476,0
1054,1
3580,1
2940,1
3427,0
4338,0
3898,0
5769,0
4410,0
6816,1
1655,1
1301,0
6492,0
1482,0
1,0
4366,0
492,1
6603,0
5917,0
3551,1
943,0
713,0
1870,0
125,0
1315,0
515,1
6306,0
4122,0
6321,1
1189,0
164,0
3253,0
2304,0
41,0
3881,0
5540,1
4126,0
5997,0
3903,0
466,0
2241,0
5814,0
6441,0
4524,1
4676,0
3869,0
31,0
5052,0
6771,0
3880,0
1504,0
609,1
6228,0
2836,0
1133,0
2008,1
4486,0
4372,0
3081,1
1780,1
5219,0
383,1
4723,1
2994,0
7024,0
1486,1
6332,0
4395,1
6414,0
6155,1
1814,0
5311,1
6563,1
1654,0
2824,0
880,1
6088,1
4385,0
6422,0
4842,1
62,0
5463,1
4929,0
5539,0
1203,0
5360,1
3052,0
5639,0
2990,1
3833,0
6561,0
2047,0
5777,0
3750,0
46,0
5735,0
2327,0
6768,0
2098,0
509,0
269,0
3187,0
1331,0
1074,0
4901,1
3105,0
791,0
1042,0
6260,0
5590,0
159,0
5115,0
4620,0
372,0
1773,0
3810,0
2279,0
6551,0
4963,0
3246,1
1638,0
999,0
3684,0
1489,0
1542,0
2634,1
3692,0
3533,0
3647,0
3493,0
2882,0
4872,0
907,0
343,0
6882,0
1879,1
1363,0
1142,0
4756,0
2950,0
2802,1
2322,0
3418,0
176,1
1723,0
7004,0
243,0
7015,0
4082,1
5035,0
2284,0
4240,1
6282,0
4471,1
5810,1
3780,0
6020,0
5953,0
3116,0
3791,0
5269,0
2680,0
4799,0
4873,0
5667,0
2922,1
1731,1
5158,0
3921,0
232,1
4273,1
1354,1
4109,1
2784,1
1995,1
6027,0
3014,0
6071,0
5114,0
959,0
3394,0
3920,0
1623,0
1173,1
6626,1
315,0
5912,1
5252,0
499,1
6061,0
2543,1
2,1
4856,1
327,1
2541,0
496,0
3406,0
6595,0
2938,0
5379,0
5985,0
2073,0
3226,0
1330,0
4426,0
311,0
2156,1
2828,0
3119,1
5786,0
4189,0
6635,0
1818,0
3095,0
4445,0
115,0
3358,0
4871,0
5478,0
2829,1
1733,0
3694,1
3603,1
3111,1
2378,1
6884,1
5592,0
678,0
5,1
2117,0
674,1
4322,0
1219,0
5827,0
6838,1
5085,0
1048,0
6860,1
4547,0
2957,0
5868,0
3788,1
3940,0
2598,0
4127,0
4797,0
291,0
6955,0
3563,0
5266,0
4141,0
1359,1
3764,0
133,1
5754,0
453,1
551,0
3403,0
6990,0
72,0
6542,1
2793,0
2751,0
1157,0
6484,0
2911,1
2110,0
4187,0
6037,0
2519,0
2065,0
181,0
4409,0
4887,0
5549,1
5065,0
3930,0
1383,1
5352,0
4217,0
445,1
5192,0
2480,1
1850,0
721,0
1469,1
6976,0
2552,0
6300,0
6262,0
2288,0
2346,0
6578,0
5690,0
1740,0
2517,1
4858,0
6711,0
4163,0
2409,0
2685,0
3001,0
1191,0
728,1
1820,0
894,0
2895,0
1674,0
5738,1
110,1
747,0
6724,1
2257,0
3877,1
1835,0
5626,0
6315,0
882,1
1026,1
6018,0
5148,0
5875,0
518,1
57,0
1852,1
5370,0
4269,1
2805,0
6788,0
5392,0
5582,0
3083,0
6728,0
6857,0
2769,1
5852,1
3225,0
5543,0
4340,0
6007,0
6344,1
6641,1
5239,0
1080,0
7041,1
3729,0
2001,0
2903,0
6012,1
4772,0
3545,0
1578,1
4575,0
132,0
1105,0
1153,0
2109,0
5730,0
2833,0
5792,1
5141,0
214,0
5599,1
1955,0
1294,1
2606,0
4962,0
4549,0
2194,1
3781,0
3412,0
2787,0
4673,1
2183,0
6446,0
3471,0
1063,0
5736,0
6653,0
4802,0
5576,1
5992,1
4650,0
2537,0
1220,0
1546,0
6617,0
3867,0
1161,1
2637,0
4509,1
1866,0
1058,1
4506,0
2591,0
1024,0
2731,0
945,1
1279,0
2927,0
5683,1
340,0
1899,0
2312,0
5934,1
3230,0
450,0
369,0
3874,0
4384,1
952,0
6543,0
4866,0
1341,1
6398,1
6393,0
6868,1
2929,0
481,1
4209,0
3077,0
5071,0
97,1
6836,1
4628,0
5796,0
2569,0
1127,0
937,1
5406,0
494,0
94,0
6912,0
573,1
5601,0
4712,0
1068,1
5610,1
4270,0
3840,0
4226,1
2639,1
2525,0
2906,0
6941,0
5016,1
3636,0
1236,1
4560,0
4669,0
6271,0
1793,0
2149,0
4212,1
5507,0
2509,0
4647,0
6661,0
5488,0
2106,0
1689,0
7000,0
997,1
1267,0
6459,0
348,0
3939,1
2887,1
3948,0
1350,0
1285,1
5649,0
4034,0
5217,0
2217,0
845,0
5663,0
2474,0
82,1
4275,0
6435,0
193,0
1254,0
1855,0
260,1
4662,0
4976,0
1665,0
2523,0
2452,1
6819,1
431,0
6564,0
3371,1
890,0
821,0
4145,0
475,1
1950,1
5132,0
1120,0
1640,0
1894,0
4827,1
4654,0
4689,0
6072,0
4048,0
2865,0
3386,0
6434,1
4619,1
1811,0
244,0
5167,0
373,0
6163,0
6974,0
4162,0
4166,0
4665,0
3092,1
2314,0
6219,1
1956,0
308,0
3518,0
2159,0
854,0
1997,0
6042,0
4632,1
3113,0
1738,0
4312,0
4738,1
1520,0
2077,1
106,0
2584,0
873,1
6947,0
2476,0
6562,1
5427,0
95,1
1695,0
4271,0
5944,1
1959,0
2464,1
1617,0
3617,1
6148,0
1917,0
3453,0
6622,1
694,0
4062,1
1522,1
6919,0
5176,0
5961,0
1231,0
3634,0
1018,0
4200,0
3337,0
2471,1
301,1
5140,0
4515,0
2403,0
1788,0
2876,0
597,0
690,0
6732,0
646,1
4439,0
174,0
1974,1
1648,0
4829,0
6043,1
1844,0
1776,0
4262,1
238,1
4088,1
4674,0
1536,0
3462,1
984,0
759,0
6814,0
3268,0
4625,0
5389,0
3601,0
5494,1
831,0
919,0
1113,1
2243,0
6080,1
1902,0
3413,0
1025,0
846,0
703,0
2030,0
1675,1
1953,1
2512,0
6281,0
300,0
6945,1
2347,0
6447,0
4780,0
6889,0
6517,0
2342,0
4049,0
2264,0
468,0
2565,0
4414,0
3685,0
6023,0
5650,0
1771,1
3719,0
2262,1
6455,0
2629,1
3763,1
6117,0
54,0
1994,0
6288,0
2140,1
5910,0
185,1
2603,0
5554,0
6157,1
658,1
2207,1
438,0
1015,1
1427,0
4022,0
501,0
731,0
1633,0
6703,1
2628,0
3285,0
376,0
3345,0
3404,0
2853,0
6256,1
2672,0
3866,0
5070,1
4982,1
237,0
4132,1
7,0
2196,0
3061,1
5271,0
6546,0
6921,0
6776,0
3350,1
2764,0
4787,0
1630,0
1446,0
5524,0
335,1
208,1
1091,0
4294,0
4775,1
156,0
2507,0
469,1
3159,0
897,0
151,1
448,0
5632,0
5145,0
6886,1
5858,0
6657,0
1017,0
2037,0
1926,1
6067,0
3184,0
4735,0
1339,1
6390,0
3220,0
2229,0
44,0
1192,1
3773,1
648,1
4059,1
5159,0
6639,0
2630,0
4377,0
5421,0
4234,0
2909,0
1321,0
1137,0
3984,0
4565,0
837,1
2585,0
4323,1
3585,0
3254,0
3693,0
3202,0
1635,0
6863,0
4527,1
5725,0
6363,0
4683,0
4001,0
435,0
2168,1
6577,0
4036,0
3801,1
2136,0
6213,0
725,0
5544,1
5888,1
365,1
1426,0
3938,0
5402,0
6334,0
5617,0
6530,0
2726,0
4072,0
1840,1
4353,1
3137,0
5047,0
832,0
3978,0
539,0
4714,0
3542,0
6036,0
5967,1
1833,0
296,0
137,0
2621,0
2012,1
2665,0
563,0
3352,1
643,0
6803,0
5809,0
119,0
2526,1
4489,0
1752,0
2434,0
1807,1
4136,0
5072,0
1607,1
4571,0
1057,1
3797,0
5156,0
4119,0
4615,0
6770,0
2546,0
5154,1
2879,1
4824,0
1251,1
5515,0
2307,0
987,0
290,1
4790,0
3787,0
4491,0
3541,0
3789,0
526,0
428,0
3976,1
6100,1
6413,1
6302,1
1124,0
1160,0
960,0
1369,0
3848,0
1464,0
4539,1
393,0
2747,0
4227,0
5431,0
6909,0
3443,0
2363,0
6335,0
2557,0
1196,0
3076,1
5039,1
3586,1
3066,0
5803,1
6781,1
1507,0
6255,0
1229,0
5553,1
6178,0
7014,0
3093,0
2623,0
3884,0
5776,0
5710,0
6565,0
2883,0
5829,0
5386,0
2872,0
528,0
6222,0
1255,1
3496,0
5724,1
1303,0
561,0
3900,0
3992,0
5131,1
3026,1
1553,0
5701,0
6783,0
1754,0
722,1
6633,1
5644,1
1146,0
5658,0
6251,0
671,0
3305,0
687,1
1908,0
2988,0
6074,1
283,0
6647,0
220,1
5092,0
6780,0
6192,0
4475,0
3622,0
6438,1
6607,1
570,0
3672,1
5138,0
1544,0
1121,0
4444,1
73,0
4643,0
4839,1
4986,0
1006,1
1260,0
4955,1
4958,0
2678,0
6980,1
2956,0
5976,0
829,0
2032,1
3753,0
5292,0
775,0
1448,0
6887,0
4142,0
5123,1
6399,0
2518,0
3917,1
1903,0
4940,0
4812,1
6048,1
3963,0
6467,0
5918,0
1117,0
4180,1
4202,0
3154,0
4967,1
1606,0
2192,0
3527,1
6813,1
888,0
2884,0
432,0
567,0
554,1
280,0
2724,0
84,0
1210,1
1960,0
1709,0
2448,1
6267,1
1241,0
3096,0
1049,1
686,0
673,0
6843,1
4483,0
830,1
1291,1
3967,0
584,0
1680,0
6374,0
6969,1
595,1
5384,0
1075,0
2592,0
5536,1
6016,1
6646,0
2972,0
491,0
2944,0
5771,0
1684,0
4438,0
5855,0
2357,0
2871,1
3322,1
5611,0
5006,1
3390,0
5697,1
2808,0
4079,0
3334,1
1310,1
6486,1
1207,0
4921,0
2910,0
6009,1
1128,0
4875,1
3047,1
2555,0
2354,0
2529,1
1082,0
5938,0
1156,0
4523,0
4339,0
4374,0
5230,0
734,0
4744,0
4679,0
6587,0
6366,0
3624,0
2998,0
4328,0
375,0
6796,1
5412,0
99,1
2667,0
3216,1
6769,0
3387,0
4017,0
4894,0
3607,0
1304,1
4543,0
5924,0
6085,1
4973,0
3707,0
853,0
1784,1
401,0
1936,0
3085,1
3274,0
360,0
6065,0
3543,0
5689,0
2311,0
5051,0
6529,1
1822,1
1016,0
147,1
607,0
1636,0
3391,0
6913,0
6217,0
1821,1
6960,0
4090,0
5297,0
6275,0
993,0
1513,1
3486,0
1234,0
2937,0
5209,0
2345,0
6221,0
4429,0
4179,0
1883,1
1862,0
6384,0
3310,1
6122,0
1393,0
2550,0
402,1
2775,1
4085,0
4536,1
20,1
1585,0
6739,0
3218,0
5703,0
1865,0
1441,0
1213,0
2469,0
2899,0
3687,1
4832,0
1129,0
5640,1
5870,1
1065,1
750,0
5323,0
2647,0
4859,0
2849,0
1669,0
1772,1
3598,0
4086,0
3331,0
2545,0
242,0
5030,1
2756,1
2725,0
6286,0
3721,1
4758,0
12,0
2042,0
6850,0
4149,1
148,0
5607,1
4567,0
2316,0
3642,0
1929,0
154,0
2221,0
2272,0
108,0
3317,0
3932,1
6349,0
427,0
1944,1
1755,0
6086,0
822,0
5439,1
440,0
6268,0
684,0
7003,0
1143,0
5602,0
3613,0
976,1
6305,1
4698,1
1235,0
2176,0
4696,0
4349,1
1934,1
2174,0
930,0
1579,1
2777,0
3770,0
1177,0
5586,0
1621,1
6722,0
3676,0
63,0
4370,0
6277,1
2215,0
5446,1
3704,0
5124,0
5274,0
4688,0
3101,0
1557,0
5705,0
6272,0
3511,0
3264,0
1707,0
4703,1
92,0
3024,0
5301,1
1611,0
1358,0
2131,0
3912,0
4606,0
2038,1
3234,0
3557,0
3549,0
2498,0
6654,1
6375,1
2857,0
1114,0
745,0
3440,0
1983,0
3324,0
2701,0
5380,1
318,1
3161,0
3165,0
2251,0
4534,0
3870,0
5614,0
874,0
6373,0
6604,0
5300,1
2069,1
7039,0
1384,1
665,0
3416,0
5659,0
5566,0
5686,1
2479,0
1989,0
2867,0
4776,0
1185,1
1188,0
2384,0
6949,0
3204,0
2993,0
1020,0
1062,0
4265,1
4382,0
2035,0
6307,0
6854,0
714,0
3993,0
3909,0
1233,0
6478,0
5348,0
6630,0
6982,0
746,0
4653,1
2931,0
4458,1
1162,0
1587,0
696,0
2538,0
3639,0
6203,0
1498,1
6758,0
6721,0
3758,0
6114,0
1823,1
5333,1
451,0
2532,0
3670,0
4944,0
910,1
3532,1
449,0
2173,0
3035,0
799,1
1509,1
2489,0
3683,0
4247,0
808,1
2426,0
5270,1
3209,1
3439,1
6403,0
1067,0
5282,1
412,0
6844,0
2918,0
6594,0
4572,0
3348,0
2133,1
3485,1
2561,0
4112,0
908,0
1694,1
557,0
2247,0
3952,0
2125,0
3288,0
5135,0
3899,0
6851,0
5950,0
4558,1
42,0
5783,1
920,0
1300,0
5835,0
3340,1
356,0
2442,1
1524,0
2886,0
4914,0
2719,0
1595,1
3018,0
4182,1
5214,1
1273,0
382,0
5898,0
4457,0
2699,0
6342,0
3959,0
6839,1
2524,0
1147,0
3709,0
6570,0
2932,0
1646,0
4066,0
1937,0
4830,0
2997,1
3678,0
2695,0
3882,0
2848,0
6544,1
3654,0
766,0
5546,0
4695,0
3150,0
2090,0
5180,0
3705,0
6464,0
3235,0
2418,0
3911,1
126,1
2850,0
780,0
4828,0
3320,0
2873,1
1402,1
5385,1
4350,0
2344,0
4792,1
5388,1
3771,1
2310,0
2562,0
2258,0
3794,0
5408,0
6986,1
6490,0
2735,0
6987,0
4123,0
253,0
6029,0
1319,1
5008,0
973,1
4810,1
307,0
6805,0
5978,0
5199,0
1741,0
5242,1
51,1
631,0
828,1
1044,0
